scenario,year,index,Annual,wd-00,wd-01,wd-02,wd-03,wd-04,wd-05,wd-06,wd-07,wd-08,wd-09,wd-10,wd-11,wd-12,wd-13,wd-14,wd-15,wd-16,wd-17,wd-18,wd-19,wd-20,wd-21,wd-22,wd-23,sd-00,sd-01,sd-02,sd-03,sd-04,sd-05,sd-06,sd-07,sd-08,sd-09,sd-10,sd-11,sd-12,sd-13,sd-14,sd-15,sd-16,sd-17,sd-18,sd-19,sd-20,sd-21,sd-22,sd-23
abroad-together,2050,Transport|Total,36.01671685,,,,,,,,,,,,,,,,,,,,,,,,,,,,,,,,,,,,,,,,,,,,,,,,
abroad-together,2050,Transport|Hydrogen,4.297278511,,,,,,,,,,,,,,,,,,,,,,,,,,,,,,,,,,,,,,,,,,,,,,,,
abroad-together,2050,Transport|Gas,2.397414591,,,,,,,,,,,,,,,,,,,,,,,,,,,,,,,,,,,,,,,,,,,,,,,,
abroad-together,2050,Transport|Oil,12.44775762,,,,,,,,,,,,,,,,,,,,,,,,,,,,,,,,,,,,,,,,,,,,,,,,
abroad-together,2050,Transport|Electricity,16.87426613,,,,,,,,,,,,,,,,,,,,,,,,,,,,,,,,,,,,,,,,,,,,,,,,
abroad-together,2050,"Space heating, DHW|Total",55.67548418,,,,,,,,,,,,,,,,,,,,,,,,,,,,,,,,,,,,,,,,,,,,,,,,
abroad-together,2050,"Space heating, DHW|Boiler-Gas",4.642361438,,,,,,,,,,,,,,,,,,,,,,,,,,,,,,,,,,,,,,,,,,,,,,,,
abroad-together,2050,"Space heating, DHW|Boiler-Oil",0.780288356,,,,,,,,,,,,,,,,,,,,,,,,,,,,,,,,,,,,,,,,,,,,,,,,
abroad-together,2050,"Space heating, DHW|Boiler-Wood",3.065277464,,,,,,,,,,,,,,,,,,,,,,,,,,,,,,,,,,,,,,,,,,,,,,,,
abroad-together,2050,"Space heating, DHW|CHP-Gas",0.89629521,,,,,,,,,,,,,,,,,,,,,,,,,,,,,,,,,,,,,,,,,,,,,,,,
abroad-together,2050,"Space heating, DHW|CHP-Hydrogen",0,,,,,,,,,,,,,,,,,,,,,,,,,,,,,,,,,,,,,,,,,,,,,,,,
abroad-together,2050,"Space heating, DHW|CHP-Oil",0,,,,,,,,,,,,,,,,,,,,,,,,,,,,,,,,,,,,,,,,,,,,,,,,
abroad-together,2050,"Space heating, DHW|CHP-Wood",0.584085309,,,,,,,,,,,,,,,,,,,,,,,,,,,,,,,,,,,,,,,,,,,,,,,,
abroad-together,2050,"Space heating, DHW|CHP-Waste",1.708735538,,,,,,,,,,,,,,,,,,,,,,,,,,,,,,,,,,,,,,,,,,,,,,,,
abroad-together,2050,"Space heating, DHW|Heat pumps",38.53204464,,,,,,,,,,,,,,,,,,,,,,,,,,,,,,,,,,,,,,,,,,,,,,,,
abroad-together,2050,"Space heating, DHW|Electric heater",2.331049754,,,,,,,,,,,,,,,,,,,,,,,,,,,,,,,,,,,,,,,,,,,,,,,,
abroad-together,2050,"Space heating, DHW|Solar thermal",1.62216594,,,,,,,,,,,,,,,,,,,,,,,,,,,,,,,,,,,,,,,,,,,,,,,,
abroad-together,2050,"Space heating, DHW|Geothermal",1.622527182,,,,,,,,,,,,,,,,,,,,,,,,,,,,,,,,,,,,,,,,,,,,,,,,
abroad-together,2050,Industrial heating|Total,,,,,,,,,,,,,,,,,,,,,,,,,,,,,,,,,,,,,,,,,,,,,,,,,
abroad-together,2050,Industrial heating|Burner-Gas,,,,,,,,,,,,,,,,,,,,,,,,,,,,,,,,,,,,,,,,,,,,,,,,,
abroad-together,2050,Industrial heating|Burner-Hydrogen,,,,,,,,,,,,,,,,,,,,,,,,,,,,,,,,,,,,,,,,,,,,,,,,,
abroad-together,2050,Industrial heating|Burner-Oil,,,,,,,,,,,,,,,,,,,,,,,,,,,,,,,,,,,,,,,,,,,,,,,,,
abroad-together,2050,Industrial heating|Burner-Wood,,,,,,,,,,,,,,,,,,,,,,,,,,,,,,,,,,,,,,,,,,,,,,,,,
abroad-together,2050,Industrial heating|Burner-Waste,,,,,,,,,,,,,,,,,,,,,,,,,,,,,,,,,,,,,,,,,,,,,,,,,
abroad-together,2050,Industrial heating|Burner-Coal,,,,,,,,,,,,,,,,,,,,,,,,,,,,,,,,,,,,,,,,,,,,,,,,,
abroad-together,2050,Industrial heating|CHP-Gas,,,,,,,,,,,,,,,,,,,,,,,,,,,,,,,,,,,,,,,,,,,,,,,,,
abroad-together,2050,Industrial heating|CHP-Hydrogen,,,,,,,,,,,,,,,,,,,,,,,,,,,,,,,,,,,,,,,,,,,,,,,,,
abroad-together,2050,Industrial heating|CHP-Oil,,,,,,,,,,,,,,,,,,,,,,,,,,,,,,,,,,,,,,,,,,,,,,,,,
abroad-together,2050,Industrial heating|CHP-Wood,,,,,,,,,,,,,,,,,,,,,,,,,,,,,,,,,,,,,,,,,,,,,,,,,
abroad-together,2050,Industrial heating|CHP-Waste,,,,,,,,,,,,,,,,,,,,,,,,,,,,,,,,,,,,,,,,,,,,,,,,,
abroad-together,2050,Industrial heating|Electric heater,,,,,,,,,,,,,,,,,,,,,,,,,,,,,,,,,,,,,,,,,,,,,,,,,
abroad-together,2050,Industrial heating|Solar thermal,,,,,,,,,,,,,,,,,,,,,,,,,,,,,,,,,,,,,,,,,,,,,,,,,
abroad-together,2050,Industrial heating|Geothermal,,,,,,,,,,,,,,,,,,,,,,,,,,,,,,,,,,,,,,,,,,,,,,,,,
abroad-together,2050,Electricity-supply|Total,138.4778407,16.333521,14.153665,13.738968,13.602002,13.579622,13.859295,15.323043,20.091229,17.533784,18.53783,19.066186,20.399353,20.689119,21.331533,20.756329,23.010121,21.753471,19.698746,18.416356,18.200185,17.610866,16.77542,16.244334,16.293694,13.685655,14.274091,15.892039,15.664061,15.869066,16.217424,15.76258,18.108536,18.95501,23.551247,25.874155,26.511817,27.079646,27.291517,24.273112,22.888644,21.988385,18.8298,19.058059,18.51389,17.011917,16.486004,16.097735,14.908562
abroad-together,2050,Electricity-supply|Gas,0,0,0,0,0,0,0,0,0,0,0,0,0,0,0,0,0,0,0,0,0,0,0,0,0,0,0,0,0,0,0,0,0,0,0,0,0,0,0,0,0,0,0,0,0,0,0,0,0
abroad-together,2050,Electricity-supply|Biogas,0,0,0,0,0,0,0,0,0,0,0,0,0,0,0,0,0,0,0,0,0,0,0,0,0,0,0,0,0,0,0,0,0,0,0,0,0,0,0,0,0,0,0,0,0,0,0,0,0
abroad-together,2050,Electricity-supply|Hydrogen,0,0,0,0,0,0,0,0,0,0,0,0,0,0,0,0,0,0,0,0,0,0,0,0,0,0,0,0,0,0,0,0,0,0,0,0,0,0,0,0,0,0,0,0,0,0,0,0,0
abroad-together,2050,Electricity-supply|Oil,0,0,0,0,0,0,0,0,0,0,0,0,0,0,0,0,0,0,0,0,0,0,0,0,0,0,0,0,0,0,0,0,0,0,0,0,0,0,0,0,0,0,0,0,0,0,0,0,0
abroad-together,2050,Electricity-supply|Wood,0,0,0,0,0,0,0,0,0,0,0,0,0,0,0,0,0,0,0,0,0,0,0,0,0,0,0,0,0,0,0,0,0,0,0,0,0,0,0,0,0,0,0,0,0,0,0,0,0
abroad-together,2050,Electricity-supply|Waste,1.480592987,0.228493,0.228488,0.228488,0.228488,0.228488,0.228488,0.228491,0.228494,0.228493,0.228493,0.228489,0.227005,0.225518,0.225509,0.226996,0.228493,0.228494,0.228494,0.228493,0.228489,0.228489,0.228489,0.22845,0.22696,0.209387,0.212786,0.212789,0.212682,0.202289,0.183224,0.114055,0.0542708,0.00635261,0.00330371,0.00133073,0.00132993,0.00132984,0.0015328,0.00829576,0.0571755,0.117087,0.181497,0.202419,0.21277,0.212789,0.212789,0.212789,0.212789
abroad-together,2050,Electricity-supply|Nuclear,0,0,0,0,0,0,0,0,0,0,0,0,0,0,0,0,0,0,0,0,0,0,0,0,0,0,0,0,0,0,0,0,0,0,0,0,0,0,0,0,0,0,0,0,0,0,0,0,0
abroad-together,2050,Electricity-supply|Hydro Dams,18.07920175,7.326924,6.31106,6.307886,6.292904,6.286475,6.31868,6.997488,8.014991,7.58192,5.184556,4.841215,4.72552,4.918314,4.898388,4.985051,7.875612,8.067643,7.933176,7.45655,7.046056,6.926174,6.784131,6.756859,6.514322,3.44137,4.077331,4.815377,4.815397,4.815563,4.474837,0.778636,0.0380579,0.0380569,0.038063,0.398036,0.398037,0.398037,0.398037,0.0380612,0.398038,0.688034,1.582689,3.203731,4.810416,4.803807,4.49859,4.715838,4.471089
abroad-together,2050,Electricity-supply|Hydro RoR,16.34978109,1.834499,1.834499,1.834499,1.834499,1.834499,1.834499,1.834499,1.834499,1.834499,1.834499,1.834499,1.834499,1.834499,1.834499,1.834498,1.834499,1.834499,1.834499,1.834499,1.834499,1.834499,1.834499,1.834499,1.834499,2.985275,2.985275,2.985275,2.985275,2.985275,2.985275,2.985236,0.506212,0.386965,0.33468,0.148295,0.148304,0.148242,0.148294,0.263036,0.386915,2.973236,2.985273,2.985275,2.985275,2.985275,2.985275,2.985275,2.985275
abroad-together,2050,Electricity-supply|Solar,41.92474244,0.010445038,0.010445038,0.009953468,0.009953468,0.010819838,0.009953468,0.009953409,0.022756742,0.630739943,2.033472944,4.04781095,5.882406953,5.807450953,6.470369957,6.012751954,3.989011949,1.994431948,0.278679941,0.010303641,0.010662441,0.01066254,0.01031224,0.010662638,0.010303738,0.01015114,0.010312341,0.010445041,0.010803841,0.113245941,1.754111951,5.88420598,10.95955599,17.062668,21.693611,23.929057,24.538369,25.11682,25.32858,22.521181,20.546815,16.567819,10.95591798,5.214009968,1.644486955,0.169968947,0.010311548,0.011495841,0.01115414
abroad-together,2050,Electricity-supply|Wind,1.197617531,0.101878,0.0940104,0.0859409,0.0802944,0.112544,0.108403,0.11508,0.111514,0.0241902,0.0967776,0.0964235,0.0971118,0.0835159,0.102918,0.129886,0.0917474,0.116816,0.17975,0.123129,0.106828,0.0606899,0.0499632,0.0454393,0.0373798,0.0650135,0.133117,0.129369,0.0711642,0.119229,0.165699,0.124361,0.120785,0.0792525,0.0789316,0.123377,0.110431,0.13526,0.118188,0.19607,0.177879,0.175508,0.0638209,0.108899,0.103968,0.0906966,0.172214,0.160065,0.144804
abroad-together,2050,Electricity-supply|Geothermal,0,0,0,0,0,0,0,0,0,0,0,0,0,0,0,0,0,0,0,0,0,0,0,0,0,0,0,0,0,0,0,0,0,0,0,0,0,0,0,0,0,0,0,0,0,0,0,0,0
abroad-together,2050,Electricity-supply|PHS-out,13.55334695,4.750949,2.290786,2.052182,2.018608,2.01698,2.200703,3.274667,5.912868,5.311363,2.651165,1.645182,1.536643,1.536622,1.53662,1.536472,6.052165,5.860217,5.994605,4.483185,3.161011,3.16129,3.086355,3.011659,1.882411,4.648372,4.694581,5.147933,5.147966,5.148031,5.071005,0.0567261,0.00195032,0.00194496,0.00194117,0.0016564,0.0016565,0.00165647,0.00165645,0.00193974,0.00164991,0.0487301,1.569174,4.647213,4.989736,4.899072,4.89706,4.900834,4.896297
abroad-together,2050,Electricity-supply|Battery-out,1.674128521,0.0315187,0.0319507,0.0395949,0.0322908,0.03075,0.0377817,0.420599,0.390845,0.33101,0,0,0,0,0,0,0.00200428,0.0862296,0.615088,0.8909,0.740246,0.484247,0.290158,0.0438854,0.0333563,0.0469629,0.0355698,0.0395187,0.0371147,0.0115856,0,0.456742,0.109682,0.00067117,0,0,0,0,0,0.00013997,0.00046085,0.0111811,0.18172,0.862572,1.223251,0.978445,1.120833,0.166944,0.0565243
abroad-together,2050,Electricity-supply|Imports,40.06289941,1.508863,3.34771,3.175734,3.100281,3.054552,3.102968,2.068196,1.035727,1.072106,6.105596,6.072341,6.093638,6.283034,6.263064,6.030528,0.992317,1.025605,1.582592,2.849346,4.830504,4.671355,4.415297,4.304352,5.714668,1.740046,1.584497,1.23082,1.225252,1.222899,1.290108,5.36258,6.317997,1.379075,1.400691,1.272385,1.313672,1.278284,1.29521,1.244364,1.319686,1.406747,1.309521,1.294608,1.297557,1.477325,1.520458,1.505692,1.521432
abroad-together,2050,Electricity-supply|DSM Down,2.189964677,,,,,,,,,,,,,,,,,,,,,,,,,,,,,,,,,,,,,,,,,,,,,,,,
abroad-together,2050,Electricity-supply|Emob Shift Down,1.965564927,,,,,,,,,,,,,,,,,,,,,,,,,,,,,,,,,,,,,,,,,,,,,,,,
abroad-together,2050,Electricity-supply|Load Shedding,3.83E-07,,,,,,,,,,,,,,,,,,,,,,,,,,,,,,,,,,,,,,,,,,,,,,,,
abroad-together,2050,Electricity-consumption|Total,138.5518781,16.887533,14.686658,14.171972,13.802013,13.625615,13.164275,14.305033,19.04927,16.656889,18.173042,18.978461,20.448703,20.908503,21.446863,20.762581,22.974273,21.409505,19.022741,17.814347,18.42817,18.200851,17.620423,17.030326,17.237713,13.80365,14.9641,16.38504,15.903074,15.684107,16.317477,14.937651,17.22459,18.577121,23.130384,25.537151,26.670836,26.979669,27.172495,24.420177,22.923678,21.976415,18.51086,18.912069,18.686873,17.208886,16.701994,16.850726,15.586567
abroad-together,2050,Electricity-consumption|Base,34.63729,5.631756685,5.467998787,5.591998595,5.663998508,5.682999939,5.505994764,5.299932911,3.803399321,6.505582851,6.8077622,7.007048853,7.096820217,7.987002524,8.603182554,8.790919359,5.290617552,4.567397246,5.988027604,6.590756426,6.794979788,6.539980088,6.156983576,5.844990801,7.0308692,4.814654664,4.896132257,3.961306521,3.767400521,3.469848523,4.58867852,4.64100267,5.28402239,5.859025626,5.86502117,7.130235408,7.832641363,7.75192538,7.861829367,6.334023057,6.134025275,5.989996664,5.752959608,5.688636769,4.811386599,4.432276569,4.660340579,4.329011561,4.759616775
abroad-together,2050,Electricity-consumption|Grid-losses,5.314532,0,0,0,0,0,0,0,0,0,0,0,0,0,0,0,0,0,0,0,0,0,0,0,0,0,0,0,0,0,0,0,0,0,0,0,0,0,0,0,0,0,0,0,0,0,0,0,0
abroad-together,2050,Electricity-consumption|Heat pumps,11.731906,2.009,1.891,1.938,1.962,2.096,2.418,3.336,3.625,3.468,3.491,3.381,3.247,3.157,3.095,3.045,3.06,3.099,3.207,3.294,3.296,3.267,3.169,2.903,2.52,0.157,0.162,0.157,0.163,0.251,0.396,0.432,0.443,0.379,0.377,0.357,0.342,0.338,0.308,0.306,0.28,0.294,0.316,0.324,0.342,0.359,0.341,0.287,0.204
abroad-together,2050,Electricity-consumption|Electric heaters,2.727664,0,0,0,0,0,0,0,0,0,0,0,0,0,0,0,0,0,0,0,0,0,0,0,0,0,0,0,0,0,0,0,0,0,0,0,0,0,0,0,0,0,0,0,0,0,0,0,0
abroad-together,2050,Electricity-consumption|Electrolysis,0,0,0,0,0,0,0,0,0,0,0,0,0,0,0,0,0,0,0,0,0,0,0,0,0,0,0,0,0,0,0,0,0,0,0,0,0,0,0,0,0,0,0,0,0,0,0,0,0
abroad-together,2050,Electricity-consumption|Battery-vehicles,13.145114,1.697635893,2.36793879,1.68298834,1.21634255,0.88675536,0.2682284,0,0.00E+00,0.3886416,1.252464,1.673598,2.40721533,2.498742138,2.545743554,2.486779748,1.513308421,1.63821154,1.94130435,2.439636745,3.1452989,3.2104084,3.2682203,3.3194424,3.1802228,1.145296409,0.939273678,0.409208197,0.266220189,0.144230169,0.023183819,0.635547158,0.838947039,1.211951609,1.585946495,1.844972754,1.957972705,2.013972719,2.049971705,2.005948787,2.084951376,1.672390631,1.866896101,1.703059623,2.001211392,2.042211334,1.961212361,1.760211322,1.489212353
abroad-together,2050,Electricity-consumption|Trains,3.729288,0,0,0,0,0,0,0,0,0,0,0,0,0,0,0,0,0,0,0,0,0,0,0,0,0,0,0,0,0,0,0,0,0,0,0,0,0,0,0,0,0,0,0,0,0,0,0,0
abroad-together,2050,Electricity-consumption|New processes,1.762665,0,0,0,0,0,0,0,0,0,0,0,0,0,0,0,0,0,0,0,0,0,0,0,0,0,0,0,0,0,0,0,0,0,0,0,0,0,0,0,0,0,0,0,0,0,0,0,0
abroad-together,2050,Electricity-consumption|PHS-In,11.37755173,4.35E-06,4.42E-06,0.000004395,4.38E-06,4.39E-06,4.41E-06,4.39E-06,4.21E-06,4.42E-06,0.000005131,5.75E-06,0.697104,0.899991,0.899992,0.899997,4.16E-06,4.19E-06,4.24E-06,4.32E-06,4.35E-06,4.35E-06,4.28E-06,4.27E-06,4.90E-06,6.64E-06,6.44E-06,6.34E-06,6.34E-06,6.34E-06,6.18E-06,3.224268,4.624247,4.627119,4.627521,4.985262,4.985262,4.985261,4.985465,4.632305,5.032798,3.152728,0.0599959,6.85E-06,6.63E-06,6.63E-06,6.63E-06,6.64E-06,6.63E-06
abroad-together,2050,Electricity-consumption|Battery-In,1.971602327,0.00498295,0.00500133,0.00429126,0.00498606,0.00534353,0.00423041,0,0,0,0.274001,0.675398,0.945527,0.913995,0.955532,0.910595,0.661239,0.134797,0,0,0,0,0,0.00436263,0.00513832,0.0005145,0.0007183,0.00080335,0.00084074,0.00989203,0.343228,0,0.0194275,0.213492,0.207956,0.657896,0.908577,1.255946,1.2658,0.737013,0.353554,0.413736,0.0883964,0,0,0,0,0,0.00141344
abroad-together,2050,Electricity-consumption|Exports,47.99873542,7.004201,4.949999,4.949999,4.949999,4.949999,4.949999,5.469365,9.224121,5.775198,5.944539,5.941184,6.052506,5.451607,5.347248,4.629145,10.504833,9.430559,6.834543,4.949999,4.949998,4.949998,4.949999,4.949999,4.461683,7.147101,8.425348,10.536203,10.5472,10.558182,10.673217,6.004795,6.014922,6.286509,10.466914,10.561767,10.644366,10.634546,10.701411,10.404862,9.038325,10.45352,10.426424,10.657033,10.285839,8.980852,8.67096,9.035693,8.52312
abroad-together,2050,Electricity-consumption|DSM Up,2.189964677,,,,,,,,,,,,,,,,,,,,,,,,,,,,,,,,,,,,,,,,,,,,,,,,
abroad-together,2050,Electricity-supply|Emob Shift Up,1.965564927,,,,,,,,,,,,,,,,,,,,,,,,,,,,,,,,,,,,,,,,,,,,,,,,
abroad-together,2050,Electricity-consumption|DAC,0,0,0,0,0,0,0,0,0,0,0,0,0,0,0,0,0,0,0,0,0,0,0,0,0,0,0,0,0,0,0,0,0,0,0,0,0,0,0,0,0,0,0,0,0,0,0,0,0
abroad-together,2050,Hydrogen-production|Total,4.166666667,,,,,,,,,,,,,,,,,,,,,,,,,,,,,,,,,,,,,,,,,,,,,,,,
abroad-together,2050,Hydrogen-production|Electrolysis,1.863719705,,,,,,,,,,,,,,,,,,,,,,,,,,,,,,,,,,,,,,,,,,,,,,,,
abroad-together,2050,Hydrogen-production|Steam-reforming,0,,,,,,,,,,,,,,,,,,,,,,,,,,,,,,,,,,,,,,,,,,,,,,,,
abroad-together,2050,Hydrogen-production|Gasification,0,,,,,,,,,,,,,,,,,,,,,,,,,,,,,,,,,,,,,,,,,,,,,,,,
abroad-together,2050,Hydrogen-production|Imports,2.433558806,,,,,,,,,,,,,,,,,,,,,,,,,,,,,,,,,,,,,,,,,,,,,,,,
abroad-alone,2050,Transport|Total,36.01671685,,,,,,,,,,,,,,,,,,,,,,,,,,,,,,,,,,,,,,,,,,,,,,,,
abroad-alone,2050,Transport|Hydrogen,4.297278511,,,,,,,,,,,,,,,,,,,,,,,,,,,,,,,,,,,,,,,,,,,,,,,,
abroad-alone,2050,Transport|Gas,2.397414591,,,,,,,,,,,,,,,,,,,,,,,,,,,,,,,,,,,,,,,,,,,,,,,,
abroad-alone,2050,Transport|Oil,12.44775762,,,,,,,,,,,,,,,,,,,,,,,,,,,,,,,,,,,,,,,,,,,,,,,,
abroad-alone,2050,Transport|Electricity,16.87426613,,,,,,,,,,,,,,,,,,,,,,,,,,,,,,,,,,,,,,,,,,,,,,,,
abroad-alone,2050,"Space heating, DHW|Total",55.67548418,,,,,,,,,,,,,,,,,,,,,,,,,,,,,,,,,,,,,,,,,,,,,,,,
abroad-alone,2050,"Space heating, DHW|Boiler-Gas",4.642361438,,,,,,,,,,,,,,,,,,,,,,,,,,,,,,,,,,,,,,,,,,,,,,,,
abroad-alone,2050,"Space heating, DHW|Boiler-Oil",0.780288356,,,,,,,,,,,,,,,,,,,,,,,,,,,,,,,,,,,,,,,,,,,,,,,,
abroad-alone,2050,"Space heating, DHW|Boiler-Wood",3.065277464,,,,,,,,,,,,,,,,,,,,,,,,,,,,,,,,,,,,,,,,,,,,,,,,
abroad-alone,2050,"Space heating, DHW|CHP-Gas",0.89629521,,,,,,,,,,,,,,,,,,,,,,,,,,,,,,,,,,,,,,,,,,,,,,,,
abroad-alone,2050,"Space heating, DHW|CHP-Hydrogen",0,,,,,,,,,,,,,,,,,,,,,,,,,,,,,,,,,,,,,,,,,,,,,,,,
abroad-alone,2050,"Space heating, DHW|CHP-Oil",0,,,,,,,,,,,,,,,,,,,,,,,,,,,,,,,,,,,,,,,,,,,,,,,,
abroad-alone,2050,"Space heating, DHW|CHP-Wood",0.584085309,,,,,,,,,,,,,,,,,,,,,,,,,,,,,,,,,,,,,,,,,,,,,,,,
abroad-alone,2050,"Space heating, DHW|CHP-Waste",1.708735538,,,,,,,,,,,,,,,,,,,,,,,,,,,,,,,,,,,,,,,,,,,,,,,,
abroad-alone,2050,"Space heating, DHW|Heat pumps",38.53204464,,,,,,,,,,,,,,,,,,,,,,,,,,,,,,,,,,,,,,,,,,,,,,,,
abroad-alone,2050,"Space heating, DHW|Electric heater",2.331049754,,,,,,,,,,,,,,,,,,,,,,,,,,,,,,,,,,,,,,,,,,,,,,,,
abroad-alone,2050,"Space heating, DHW|Solar thermal",1.62216594,,,,,,,,,,,,,,,,,,,,,,,,,,,,,,,,,,,,,,,,,,,,,,,,
abroad-alone,2050,"Space heating, DHW|Geothermal",1.622527182,,,,,,,,,,,,,,,,,,,,,,,,,,,,,,,,,,,,,,,,,,,,,,,,
abroad-alone,2050,Industrial heating|Total,,,,,,,,,,,,,,,,,,,,,,,,,,,,,,,,,,,,,,,,,,,,,,,,,
abroad-alone,2050,Industrial heating|Burner-Gas,,,,,,,,,,,,,,,,,,,,,,,,,,,,,,,,,,,,,,,,,,,,,,,,,
abroad-alone,2050,Industrial heating|Burner-Hydrogen,,,,,,,,,,,,,,,,,,,,,,,,,,,,,,,,,,,,,,,,,,,,,,,,,
abroad-alone,2050,Industrial heating|Burner-Oil,,,,,,,,,,,,,,,,,,,,,,,,,,,,,,,,,,,,,,,,,,,,,,,,,
abroad-alone,2050,Industrial heating|Burner-Wood,,,,,,,,,,,,,,,,,,,,,,,,,,,,,,,,,,,,,,,,,,,,,,,,,
abroad-alone,2050,Industrial heating|Burner-Waste,,,,,,,,,,,,,,,,,,,,,,,,,,,,,,,,,,,,,,,,,,,,,,,,,
abroad-alone,2050,Industrial heating|Burner-Coal,,,,,,,,,,,,,,,,,,,,,,,,,,,,,,,,,,,,,,,,,,,,,,,,,
abroad-alone,2050,Industrial heating|CHP-Gas,,,,,,,,,,,,,,,,,,,,,,,,,,,,,,,,,,,,,,,,,,,,,,,,,
abroad-alone,2050,Industrial heating|CHP-Hydrogen,,,,,,,,,,,,,,,,,,,,,,,,,,,,,,,,,,,,,,,,,,,,,,,,,
abroad-alone,2050,Industrial heating|CHP-Oil,,,,,,,,,,,,,,,,,,,,,,,,,,,,,,,,,,,,,,,,,,,,,,,,,
abroad-alone,2050,Industrial heating|CHP-Wood,,,,,,,,,,,,,,,,,,,,,,,,,,,,,,,,,,,,,,,,,,,,,,,,,
abroad-alone,2050,Industrial heating|CHP-Waste,,,,,,,,,,,,,,,,,,,,,,,,,,,,,,,,,,,,,,,,,,,,,,,,,
abroad-alone,2050,Industrial heating|Electric heater,,,,,,,,,,,,,,,,,,,,,,,,,,,,,,,,,,,,,,,,,,,,,,,,,
abroad-alone,2050,Industrial heating|Solar thermal,,,,,,,,,,,,,,,,,,,,,,,,,,,,,,,,,,,,,,,,,,,,,,,,,
abroad-alone,2050,Industrial heating|Geothermal,,,,,,,,,,,,,,,,,,,,,,,,,,,,,,,,,,,,,,,,,,,,,,,,,
abroad-alone,2050,Electricity-supply|Total,109.8166628,11.228646,10.742422,10.605913,10.494227,10.610788,10.778744,11.666888,12.708765,13.585067,15.379291,16.613725,17.48357,17.447813,17.466061,15.492714,14.597077,14.176496,14.705889,15.307398,15.079155,14.489016,13.468601,12.849731,11.920411,9.751322,9.14157,8.643834,8.357571,8.597072,8.835857,11.859411,14.214656,15.856501,16.425482,17.931848,18.167955,18.864432,18.858984,17.693976,16.899674,17.358915,15.700785,12.487889,11.57137,11.660735,11.134356,10.40196,10.392438
abroad-alone,2050,Electricity-supply|Gas,0,0,0,0,0,0,0,0,0,0,0,0,0,0,0,0,0,0,0,0,0,0,0,0,0,0,0,0,0,0,0,0,0,0,0,0,0,0,0,0,0,0,0,0,0,0,0,0,0
abroad-alone,2050,Electricity-supply|Biogas,0,0,0,0,0,0,0,0,0,0,0,0,0,0,0,0,0,0,0,0,0,0,0,0,0,0,0,0,0,0,0,0,0,0,0,0,0,0,0,0,0,0,0,0,0,0,0,0,0
abroad-alone,2050,Electricity-supply|Hydrogen,0,0,0,0,0,0,0,0,0,0,0,0,0,0,0,0,0,0,0,0,0,0,0,0,0,0,0,0,0,0,0,0,0,0,0,0,0,0,0,0,0,0,0,0,0,0,0,0,0
abroad-alone,2050,Electricity-supply|Oil,0,0,0,0,0,0,0,0,0,0,0,0,0,0,0,0,0,0,0,0,0,0,0,0,0,0,0,0,0,0,0,0,0,0,0,0,0,0,0,0,0,0,0,0,0,0,0,0,0
abroad-alone,2050,Electricity-supply|Wood,0,0,0,0,0,0,0,0,0,0,0,0,0,0,0,0,0,0,0,0,0,0,0,0,0,0,0,0,0,0,0,0,0,0,0,0,0,0,0,0,0,0,0,0,0,0,0,0,0
abroad-alone,2050,Electricity-supply|Waste,1.490814127,0.228493,0.228493,0.228493,0.228493,0.228493,0.228493,0.228493,0.228493,0.228493,0.228492,0.228492,0.228492,0.228492,0.228492,0.228493,0.228493,0.228493,0.228493,0.228493,0.228493,0.228493,0.228493,0.228493,0.228493,0.174787,0.174787,0.174785,0.174604,0.168121,0.13604,0.0789954,0.0283551,0.0013592,0.0118,0.0118535,0.0118535,0.0118538,0.0118526,0.0118508,0.012635,0.0492963,0.10018,0.157012,0.168362,0.174439,0.174786,0.174787,0.174787
abroad-alone,2050,Electricity-supply|Nuclear,0,0,0,0,0,0,0,0,0,0,0,0,0,0,0,0,0,0,0,0,0,0,0,0,0,0,0,0,0,0,0,0,0,0,0,0,0,0,0,0,0,0,0,0,0,0,0,0,0
abroad-alone,2050,Electricity-supply|Hydro Dams,12.77702698,3.67713,3.336815,3.291605,3.156298,3.145612,3.336466,3.449387,3.97998,4.271369,4.0362,3.874784,3.614155,3.639667,3.034341,2.371399,3.3354,3.739399,4.077802,4.63643,4.685902,4.708762,4.165194,3.57418,3.040417,1.446331,1.242008,1.045508,1.090244,1.183733,0.897521,0.199181,0.261893,0.00408434,0.00018237,0.00047772,0.000477657,0.000488673,0.000477859,0.000448695,0.000172305,0.490491,0.477546,0.681108,1.078814,1.080395,1.080974,1.100334,1.08022
abroad-alone,2050,Electricity-supply|Hydro RoR,13.9405457,1.834498,1.834498,1.834498,1.834498,1.834498,1.834498,1.834498,1.834498,1.834498,1.834498,1.834498,1.834498,1.834498,1.834498,1.834498,1.834498,1.834498,1.834498,1.834498,1.834498,1.834498,1.834498,1.834498,1.834498,2.76217,2.762149,2.762062,2.762136,2.762145,2.762181,0.120025,0.274631,1.52E-05,1.30E-05,1.27E-05,1.27E-05,1.27E-05,1.27E-05,0.000012762,1.30E-05,0.00702007,1.857269,2.446112,2.76209,2.762108,2.762101,2.762106,2.762105
abroad-alone,2050,Electricity-supply|Solar,35.726888,0.010170723,0.010170723,0.009673593,0.009673593,0.010576123,0.009673593,0.009673228,0.021610825,0.614510926,1.988850929,3.968868936,5.788851942,5.707604941,6.370685943,5.919206942,3.927085935,1.962856934,0.274429927,0.010022525,0.010379326,0.010379326,0.010030224,0.010379622,0.010022822,0.009870195,0.010030425,0.010170726,0.010527626,0.112216926,1.737965937,5.804200975,10.82919499,13.69332299,14.47018999,15.841289,16.165753,16.749096,16.82083,15.213432,14.44340599,13.94690899,10.78077198,5.16576296,1.637626943,0.168802933,0.010028234,0.011218226,0.010876825
abroad-alone,2050,Electricity-supply|Wind,7.382234826,0.64926,0.599002,0.547589,0.511672,0.717232,0.69073,0.733291,0.710621,0.154156,0.616673,0.614438,0.618882,0.532123,0.655865,0.827735,0.584612,0.744331,1.145455,0.784654,0.680755,0.386804,0.318264,0.289553,0.23819,0.414399,0.848207,0.82441,0.453625,0.759771,1.055943,0.792404,0.769731,0.482526,0.435866,0.691076,0.618404,0.757448,0.661934,1.080636,0.988298,1.102313,0.406695,0.694031,0.662521,0.577977,1.097395,1.020017,0.922767
abroad-alone,2050,Electricity-supply|Geothermal,0,0,0,0,0,0,0,0,0,0,0,0,0,0,0,0,0,0,0,0,0,0,0,0,0,0,0,0,0,0,0,0,0,0,0,0,0,0,0,0,0,0,0,0,0,0,0,0,0
abroad-alone,2050,Electricity-supply|PHS-out,9.152537016,1.212213,1.209991,1.208948,1.208624,1.198536,1.209964,1.232381,1.625245,1.893913,3.017757,2.551955,1.988666,1.990144,1.962615,0.930562,1.209978,1.61765,2.613043,2.854662,2.822907,2.670398,1.871558,1.993259,1.692604,2.393232,1.555259,1.37115,1.557087,1.554171,0.15929,0.910459,0.00485169,0.00249214,0.00288172,0.00137859,0.00137889,0.00138697,0.00137986,0.00137206,0.00285936,0.0050842,0.0268294,0.0457019,1.55561,2.129914,1.558663,1.559563,1.628269
abroad-alone,2050,Electricity-supply|Battery-out,1.708911825,0.0311455,0.031132,0.0388384,0.0331447,0.0305552,0.0377629,0.426726,0.39639,0.329454,0,0,0,0,0,0,0.00164888,0.0807359,0.634122,0.905516,0.733448,0.489681,0.287632,0.0421563,0.0337298,0.0500811,0.0370247,0.0420721,0.037556,0.0121544,0,0.490318,0.0971411,0.00023852,0,0,0,0,0,0.00025084,0.00078271,0.0129403,0.191103,0.9012,1.261673,0.99608,1.100172,0.170157,0.0573277
abroad-alone,2050,Electricity-supply|Imports,23.48399547,3.344996,3.344996,3.344996,3.344996,3.344996,3.344996,3.344996,3.344996,3.344996,3.345,3.345,3.345,3.345,3.345,3.345,3.344996,3.344996,3.344996,3.344996,3.344996,3.344996,3.344996,3.429488,3.429589,1.771804,1.841788,1.85755,1.846832,1.842387,1.852006,3.344993,1.86,1.67242,1.50451,1.385722,1.370036,1.344107,1.362458,1.385934,1.451469,1.74482,1.859999,1.859999,1.847565,1.761918,1.821633,1.8533,1.804247
abroad-alone,2050,Electricity-supply|DSM Down,2.189946446,,,,,,,,,,,,,,,,,,,,,,,,,,,,,,,,,,,,,,,,,,,,,,,,
abroad-alone,2050,Electricity-supply|Emob Shift Down,1.963761921,,,,,,,,,,,,,,,,,,,,,,,,,,,,,,,,,,,,,,,,,,,,,,,,
abroad-alone,2050,Electricity-supply|Load Shedding,4.83E-07,,,,,,,,,,,,,,,,,,,,,,,,,,,,,,,,,,,,,,,,,,,,,,,,
abroad-alone,2050,Electricity-consumption|Total,109.8903501,11.782652,11.275439,11.038931,10.694246,10.656763,10.083737,10.648904,11.666779,12.70815,15.014493,16.526014,17.532902,17.667187,17.581381,15.498967,14.561195,13.832524,14.029864,14.70541,15.307145,15.079009,14.313579,13.635752,12.864405,9.869303,9.831565,9.136843,8.596586,8.412096,8.93592,11.034488,13.330703,15.4785,16.004478,17.594857,18.326937,18.764429,18.739978,17.840971,16.934673,17.346912,15.381838,12.341911,11.74437,11.857745,11.350348,11.154946,11.070462
abroad-alone,2050,Electricity-consumption|Base,34.63729,5.54974822,5.41781277,5.5499852,5.6112713,5.7933787,5.44752991,5.18509161,5.70861539,6.06503802,7.317757,7.412577,8.2136592,8.248931,8.31067541,6.95532509,6.63713667,6.41833242,6.41714697,6.36234866,6.53983703,6.20868504,5.16677183,4.857953,4.855392,4.625807309,4.766111358,4.725088409,4.50037139,4.518055991,4.646330206,4.537814216,5.219457464,5.909916234,6.054717225,6.991425501,7.383945572,7.410975524,7.370058541,7.018666479,6.396503228,6.22229627,5.752927351,5.663047578,5.458893331,3.815145253,4.198100277,4.01604828,3.41429631
abroad-alone,2050,Electricity-consumption|Grid-losses,5.314532,0,0,0,0,0,0,0,0,0,0,0,0,0,0,0,0,0,0,0,0,0,0,0,0,0,0,0,0,0,0,0,0,0,0,0,0,0,0,0,0,0,0,0,0,0,0,0,0
abroad-alone,2050,Electricity-consumption|Heat pumps,11.731906,2.009,1.891,1.938,1.962,2.096,2.418,3.336,3.625,3.468,3.491,3.381,3.247,3.157,3.095,3.045,3.06,3.099,3.207,3.294,3.296,3.267,3.169,2.903,2.52,0.157,0.162,0.157,0.163,0.251,0.396,0.432,0.443,0.379,0.377,0.357,0.342,0.338,0.308,0.306,0.28,0.294,0.316,0.324,0.342,0.359,0.341,0.287,0.204
abroad-alone,2050,Electricity-consumption|Electric heaters,2.727664,0,0,0,0,0,0,0,0,0,0,0,0,0,0,0,0,0,0,0,0,0,0,0,0,0,0,0,0,0,0,0,0,0,0,0,0,0,0,0,0,0,0,0,0,0,0,0,0
abroad-alone,2050,Electricity-consumption|Electrolysis,0,0,0,0,0,0,0,0,0,0,0,0,0,0,0,0,0,0,0,0,0,0,0,0,0,0,0,0,0,0,0,0,0,0,0,0,0,0,0,0,0,0,0,0,0,0,0,0,0
abroad-alone,2050,Electricity-consumption|Battery-vehicles,13.145114,2.1511166,1.9874396,1.6187779,1.1223691,0.8337902,0.3005255,0,0,0.4314759,1.7946619,2.1588535,2.3315422,2.3980878,2.4775898,2.4157517,2.2157946,1.7147238,2.0226627,2.5109419,2.903542,2.9583347,2.9779106,2.956005,2.603502,1.144623325,0.939653521,0.409865816,0.266749648,0.144650619,0.023849153,0.3428718,0.5447224,1.211937986,1.585946144,1.844947487,1.957947558,2.013947512,2.049947525,2.005947457,2.084946142,2.179928473,1.90565204,1.731082688,2.003079506,2.044833262,1.963376359,1.761552354,1.491943465
abroad-alone,2050,Electricity-consumption|Trains,3.729288,0,0,0,0,0,0,0,0,0,0,0,0,0,0,0,0,0,0,0,0,0,0,0,0,0,0,0,0,0,0,0,0,0,0,0,0,0,0,0,0,0,0,0,0,0,0,0,0
abroad-alone,2050,Electricity-consumption|New processes,1.762665,0,0,0,0,0,0,0,0,0,0,0,0,0,0,0,0,0,0,0,0,0,0,0,0,0,0,0,0,0,0,0,0,0,0,0,0,0,0,0,0,0,0,0,0,0,0,0,0
abroad-alone,2050,Electricity-consumption|PHS-In,11.95637685,6.84E-06,6.67E-06,6.59E-06,6.59E-06,6.56E-06,6.68E-06,6.83E-06,6.94E-06,7.06E-06,0.000411687,0.899603,0.899887,0.899695,0.89992,0.355302,6.67E-06,6.96E-06,7.01E-06,7.05E-06,7.02E-06,7.01E-06,6.98E-06,6.97E-06,6.86E-06,0.0601064,0.0601322,0.0604069,0.0602349,0.0601212,0.0600098,3.772968,3.701034,4.419817,4.426749,4.425595,4.425595,4.425615,4.425596,4.425557,4.427551,4.955952,4.323239,1.060017,0.158585,0.616937,0.0628984,0.0609137,0.951149
abroad-alone,2050,Electricity-consumption|Battery-In,2.012129736,0.00204532,0.00186605,0.00094716,0.00201177,0.00336851,0.00152228,0,0,0,0.268842,0.663383,0.954765,0.963416,0.933631,0.949485,0.688144,0.146936,0,0,0,0,0,0.0010621,0.00263767,0.00016325,0.00067784,0.00073811,0.00069884,0.0102207,0.332494,0,0.0186335,0.242786,0.245027,0.66085,0.90241,1.260853,1.271338,0.769761,0.430633,0.379694,0.0966665,0,0,0,0,0,0.00132916
abroad-alone,2050,Electricity-consumption|Exports,18.71967613,1.829995,1.829989,1.829941,1.82976,1.82993,1.829992,1.829995,1.829993,1.829953,1.83,1.814907,1.821024,1.829772,1.829999,1.742283,1.829748,1.829988,1.829997,1.829984,1.829983,1.829979,1.591956,1.47,1.47,3.152954,3.232675,3.227618,3.180572,3.225674,3.242326,1.83,3.314996,3.314999,3.315,3.315,3.315,3.315,3.315,3.315,3.315,3.314999,2.986962,3.026802,3.184705,3.012728,3.25637,3.278953,3.055904
abroad-alone,2050,Electricity-consumption|DSM Up,2.189946446,,,,,,,,,,,,,,,,,,,,,,,,,,,,,,,,,,,,,,,,,,,,,,,,
abroad-alone,2050,Electricity-supply|Emob Shift Up,1.963761921,,,,,,,,,,,,,,,,,,,,,,,,,,,,,,,,,,,,,,,,,,,,,,,,
abroad-alone,2050,Electricity-consumption|DAC,0,0,0,0,0,0,0,0,0,0,0,0,0,0,0,0,0,0,0,0,0,0,0,0,0,0,0,0,0,0,0,0,0,0,0,0,0,0,0,0,0,0,0,0,0,0,0,0,0
abroad-alone,2050,Hydrogen-production|Total,4.166666667,,,,,,,,,,,,,,,,,,,,,,,,,,,,,,,,,,,,,,,,,,,,,,,,
abroad-alone,2050,Hydrogen-production|Electrolysis,1.863719705,,,,,,,,,,,,,,,,,,,,,,,,,,,,,,,,,,,,,,,,,,,,,,,,
abroad-alone,2050,Hydrogen-production|Steam-reforming,0,,,,,,,,,,,,,,,,,,,,,,,,,,,,,,,,,,,,,,,,,,,,,,,,
abroad-alone,2050,Hydrogen-production|Gasification,0,,,,,,,,,,,,,,,,,,,,,,,,,,,,,,,,,,,,,,,,,,,,,,,,
abroad-alone,2050,Hydrogen-production|Imports,2.433558806,,,,,,,,,,,,,,,,,,,,,,,,,,,,,,,,,,,,,,,,,,,,,,,,
domestic-together,2050,Transport|Total,36.01671685,,,,,,,,,,,,,,,,,,,,,,,,,,,,,,,,,,,,,,,,,,,,,,,,
domestic-together,2050,Transport|Hydrogen,4.297278511,,,,,,,,,,,,,,,,,,,,,,,,,,,,,,,,,,,,,,,,,,,,,,,,
domestic-together,2050,Transport|Gas,2.397414591,,,,,,,,,,,,,,,,,,,,,,,,,,,,,,,,,,,,,,,,,,,,,,,,
domestic-together,2050,Transport|Oil,12.44775762,,,,,,,,,,,,,,,,,,,,,,,,,,,,,,,,,,,,,,,,,,,,,,,,
domestic-together,2050,Transport|Electricity,16.87426613,,,,,,,,,,,,,,,,,,,,,,,,,,,,,,,,,,,,,,,,,,,,,,,,
domestic-together,2050,"Space heating, DHW|Total",55.67548418,,,,,,,,,,,,,,,,,,,,,,,,,,,,,,,,,,,,,,,,,,,,,,,,
domestic-together,2050,"Space heating, DHW|Boiler-Gas",4.642361438,,,,,,,,,,,,,,,,,,,,,,,,,,,,,,,,,,,,,,,,,,,,,,,,
domestic-together,2050,"Space heating, DHW|Boiler-Oil",0.780288356,,,,,,,,,,,,,,,,,,,,,,,,,,,,,,,,,,,,,,,,,,,,,,,,
domestic-together,2050,"Space heating, DHW|Boiler-Wood",3.065277464,,,,,,,,,,,,,,,,,,,,,,,,,,,,,,,,,,,,,,,,,,,,,,,,
domestic-together,2050,"Space heating, DHW|CHP-Gas",0.89629521,,,,,,,,,,,,,,,,,,,,,,,,,,,,,,,,,,,,,,,,,,,,,,,,
domestic-together,2050,"Space heating, DHW|CHP-Hydrogen",0,,,,,,,,,,,,,,,,,,,,,,,,,,,,,,,,,,,,,,,,,,,,,,,,
domestic-together,2050,"Space heating, DHW|CHP-Oil",0,,,,,,,,,,,,,,,,,,,,,,,,,,,,,,,,,,,,,,,,,,,,,,,,
domestic-together,2050,"Space heating, DHW|CHP-Wood",0.584085309,,,,,,,,,,,,,,,,,,,,,,,,,,,,,,,,,,,,,,,,,,,,,,,,
domestic-together,2050,"Space heating, DHW|CHP-Waste",1.708735538,,,,,,,,,,,,,,,,,,,,,,,,,,,,,,,,,,,,,,,,,,,,,,,,
domestic-together,2050,"Space heating, DHW|Heat pumps",38.53204464,,,,,,,,,,,,,,,,,,,,,,,,,,,,,,,,,,,,,,,,,,,,,,,,
domestic-together,2050,"Space heating, DHW|Electric heater",2.331049754,,,,,,,,,,,,,,,,,,,,,,,,,,,,,,,,,,,,,,,,,,,,,,,,
domestic-together,2050,"Space heating, DHW|Solar thermal",1.62216594,,,,,,,,,,,,,,,,,,,,,,,,,,,,,,,,,,,,,,,,,,,,,,,,
domestic-together,2050,"Space heating, DHW|Geothermal",1.622527182,,,,,,,,,,,,,,,,,,,,,,,,,,,,,,,,,,,,,,,,,,,,,,,,
domestic-together,2050,Industrial heating|Total,,,,,,,,,,,,,,,,,,,,,,,,,,,,,,,,,,,,,,,,,,,,,,,,,
domestic-together,2050,Industrial heating|Burner-Gas,,,,,,,,,,,,,,,,,,,,,,,,,,,,,,,,,,,,,,,,,,,,,,,,,
domestic-together,2050,Industrial heating|Burner-Hydrogen,,,,,,,,,,,,,,,,,,,,,,,,,,,,,,,,,,,,,,,,,,,,,,,,,
domestic-together,2050,Industrial heating|Burner-Oil,,,,,,,,,,,,,,,,,,,,,,,,,,,,,,,,,,,,,,,,,,,,,,,,,
domestic-together,2050,Industrial heating|Burner-Wood,,,,,,,,,,,,,,,,,,,,,,,,,,,,,,,,,,,,,,,,,,,,,,,,,
domestic-together,2050,Industrial heating|Burner-Waste,,,,,,,,,,,,,,,,,,,,,,,,,,,,,,,,,,,,,,,,,,,,,,,,,
domestic-together,2050,Industrial heating|Burner-Coal,,,,,,,,,,,,,,,,,,,,,,,,,,,,,,,,,,,,,,,,,,,,,,,,,
domestic-together,2050,Industrial heating|CHP-Gas,,,,,,,,,,,,,,,,,,,,,,,,,,,,,,,,,,,,,,,,,,,,,,,,,
domestic-together,2050,Industrial heating|CHP-Hydrogen,,,,,,,,,,,,,,,,,,,,,,,,,,,,,,,,,,,,,,,,,,,,,,,,,
domestic-together,2050,Industrial heating|CHP-Oil,,,,,,,,,,,,,,,,,,,,,,,,,,,,,,,,,,,,,,,,,,,,,,,,,
domestic-together,2050,Industrial heating|CHP-Wood,,,,,,,,,,,,,,,,,,,,,,,,,,,,,,,,,,,,,,,,,,,,,,,,,
domestic-together,2050,Industrial heating|CHP-Waste,,,,,,,,,,,,,,,,,,,,,,,,,,,,,,,,,,,,,,,,,,,,,,,,,
domestic-together,2050,Industrial heating|Electric heater,,,,,,,,,,,,,,,,,,,,,,,,,,,,,,,,,,,,,,,,,,,,,,,,,
domestic-together,2050,Industrial heating|Solar thermal,,,,,,,,,,,,,,,,,,,,,,,,,,,,,,,,,,,,,,,,,,,,,,,,,
domestic-together,2050,Industrial heating|Geothermal,,,,,,,,,,,,,,,,,,,,,,,,,,,,,,,,,,,,,,,,,,,,,,,,,
domestic-together,2050,Electricity-supply|Total,138.7803038,16.404416,14.149105,13.876033,13.681997,13.565222,13.924428,15.394285,19.987946,17.416253,18.609208,19.146378,20.361237,20.696264,21.276065,20.691067,22.790245,21.684368,19.638987,18.487509,18.275002,17.685365,16.935282,16.185977,16.412205,13.729222,14.300334,15.960486,15.788308,15.993488,16.244325,15.845345,18.222706,19.306673,23.702712,25.947158,26.720112,27.322544,27.559486,24.697061,23.004408,22.172633,18.905445,19.092978,18.266781,16.624952,16.116283,15.938786,14.818288
domestic-together,2050,Electricity-supply|Gas,0,0,0,0,0,0,0,0,0,0,0,0,0,0,0,0,0,0,0,0,0,0,0,0,0,0,0,0,0,0,0,0,0,0,0,0,0,0,0,0,0,0,0,0,0,0,0,0,0
domestic-together,2050,Electricity-supply|Biogas,0,0,0,0,0,0,0,0,0,0,0,0,0,0,0,0,0,0,0,0,0,0,0,0,0,0,0,0,0,0,0,0,0,0,0,0,0,0,0,0,0,0,0,0,0,0,0,0,0
domestic-together,2050,Electricity-supply|Hydrogen,0,0,0,0,0,0,0,0,0,0,0,0,0,0,0,0,0,0,0,0,0,0,0,0,0,0,0,0,0,0,0,0,0,0,0,0,0,0,0,0,0,0,0,0,0,0,0,0,0
domestic-together,2050,Electricity-supply|Oil,0,0,0,0,0,0,0,0,0,0,0,0,0,0,0,0,0,0,0,0,0,0,0,0,0,0,0,0,0,0,0,0,0,0,0,0,0,0,0,0,0,0,0,0,0,0,0,0,0
domestic-together,2050,Electricity-supply|Wood,0,0,0,0,0,0,0,0,0,0,0,0,0,0,0,0,0,0,0,0,0,0,0,0,0,0,0,0,0,0,0,0,0,0,0,0,0,0,0,0,0,0,0,0,0,0,0,0,0
domestic-together,2050,Electricity-supply|Waste,2.00163725,0.228498,0.228498,0.228498,0.228498,0.228498,0.228498,0.228498,0.228498,0.228498,0.228498,0.228498,0.228498,0.228498,0.228498,0.228498,0.228498,0.228498,0.228498,0.228498,0.228498,0.228498,0.228498,0.228498,0.228498,0.228498,0.228498,0.228498,0.228498,0.228498,0.228498,0.228497,0.228497,0.228496,0.228493,0.22849,0.228489,0.22849,0.228492,0.228496,0.228497,0.228497,0.228498,0.228498,0.228498,0.228498,0.228498,0.228498,0.228498
domestic-together,2050,Electricity-supply|Nuclear,0,0,0,0,0,0,0,0,0,0,0,0,0,0,0,0,0,0,0,0,0,0,0,0,0,0,0,0,0,0,0,0,0,0,0,0,0,0,0,0,0,0,0,0,0,0,0,0,0
domestic-together,2050,Electricity-supply|Hydro Dams,18.05074035,7.326629,6.629968,6.457536,6.358051,6.353881,6.588682,6.962703,8.265525,7.312576,5.194044,4.74647,4.705038,4.918055,4.864135,4.959733,7.821246,8.386498,8.242619,7.456306,7.104842,6.96312,6.842116,6.804953,6.513682,3.498009,4.112502,4.81473,4.814675,4.814896,4.4025,0.77867,0.0381226,0.0381227,0.0620159,0.511729,0.51173,0.51173,0.511735,0.32496,0.267249,0.621563,1.574735,3.291098,4.713663,4.711397,4.498228,4.712744,4.471131
domestic-together,2050,Electricity-supply|Hydro RoR,16.24935654,1.834494,1.834494,1.834494,1.834494,1.834494,1.834494,1.834494,1.834495,1.834494,1.834494,1.834494,1.834494,1.834494,1.834494,1.834493,1.834495,1.834495,1.834495,1.834494,1.834494,1.834494,1.834494,1.834494,1.834494,2.985264,2.985264,2.985264,2.985264,2.985264,2.985264,2.985138,0.422366,0.386918,0.0779931,8.24E-06,8.20E-06,8.14E-06,8.09E-06,0.100285,0.386895,2.971132,2.985257,2.985263,2.985264,2.985264,2.985264,2.985264,2.985264
domestic-together,2050,Electricity-supply|Solar,42.42489683,0.010520552,0.010520552,0.010025752,0.010025752,0.010908552,0.010025752,0.010025657,0.02295596,0.63550786,2.051749866,4.089263879,5.947546889,5.870248887,6.538972898,6.082615891,4.031478878,2.016099874,0.281906858,0.010376158,0.010737561,0.010737757,0.010387253,0.010737852,0.010376352,0.01022426,0.01038736,0.01052056,0.01088206,0.114332861,1.772789883,5.947783953,11.08523498,17.25339499,21.93397699,23.93565899,24.66258,25.29682,25.522146,22.77876299,20.77797599,16.75488699,11.07931196,5.270510926,1.663339894,0.172181876,0.010386573,0.011572161,0.01123266
domestic-together,2050,Electricity-supply|Wind,0.166121189,0.0141114,0.0130325,0.0119157,0.0111214,0.0155884,0.0150291,0.0159528,0.0154391,0.00334995,0.0134187,0.0133549,0.0134505,0.0115834,0.0142527,0.0179871,0.012726,0.0161896,0.0249027,0.0170595,0.0148001,0.00840618,0.00692719,0.00629612,0.00518937,0.00900123,0.0184489,0.0179073,0.00984522,0.0165219,0.0229577,0.0172366,0.0167309,0.0109818,0.0109477,0.0173539,0.0155427,0.0190423,0.0166414,0.027172,0.0246598,0.0243113,0.00883603,0.0150888,0.0144019,0.0125665,0.0238555,0.0221634,0.0200533
domestic-together,2050,Electricity-supply|Geothermal,0,0,0,0,0,0,0,0,0,0,0,0,0,0,0,0,0,0,0,0,0,0,0,0,0,0,0,0,0,0,0,0,0,0,0,0,0,0,0,0,0,0,0,0,0,0,0,0,0
domestic-together,2050,Electricity-supply|PHS-out,13.65562151,4.865219,2.017935,2.017291,2.017285,2.017238,2.017264,3.443391,5.685597,5.294131,2.813649,2.016601,1.536644,1.536594,1.536592,1.536479,6.129856,5.564623,5.708463,4.668359,3.156076,3.156865,3.144826,3.02317,2.046985,4.659047,4.776977,5.147837,5.147843,5.147893,5.191786,0.0756972,0.00292145,0.0029214,0.00289705,0.00214287,0.00214175,0.00214168,0.00214,0.00291203,0.00291727,0.15903,1.541951,4.647326,4.909814,4.898342,4.897683,4.900818,4.896717
domestic-together,2050,Electricity-supply|Battery-out,1.6010385,0.0307525,0.0300142,0.0360782,0.0295451,0.0284158,0.036255,0.419415,0.362763,0.310997,0,0,0,0,0,0,0.00216194,0.0761344,0.558742,0.830463,0.712536,0.46989,0.295819,0.0399429,0.0313081,0.0438729,0.0325689,0.0351319,0.0328411,0.0103045,0,0.437603,0.105326,0,0,0,0,0,0,0.00083086,0.00041672,0.0101604,0.168057,0.811618,1.184413,0.936393,1.072665,0.155412,0.052678
domestic-together,2050,Electricity-supply|Imports,40.47793707,1.554407,3.375836,3.274105,3.187047,3.069013,3.167711,2.108055,1.04838,1.068568,6.124193,6.028371,6.091048,6.296509,6.25884,6.031007,1.013306,1.037606,1.599218,2.902166,4.918506,4.73102,4.53085,4.203668,5.7137,1.755056,1.59462,1.247201,1.262059,1.261526,1.315893,5.374647,6.323458,1.385789,1.386358,1.251758,1.299604,1.264296,1.278307,1.233609,1.315747,1.402965,1.318463,1.304106,1.31604,1.519269,1.557476,1.516772,1.543175
domestic-together,2050,Electricity-supply|DSM Down,2.189940032,,,,,,,,,,,,,,,,,,,,,,,,,,,,,,,,,,,,,,,,,,,,,,,,
domestic-together,2050,Electricity-supply|Emob Shift Down,1.963013623,,,,,,,,,,,,,,,,,,,,,,,,,,,,,,,,,,,,,,,,,,,,,,,,
domestic-together,2050,Electricity-supply|Load Shedding,9.13E-07,,,,,,,,,,,,,,,,,,,,,,,,,,,,,,,,,,,,,,,,,,,,,,,,
domestic-together,2050,Electricity-consumption|Total,138.233823,16.887414,14.61112,14.238067,13.810995,13.540222,13.15843,14.305273,18.874934,16.468362,18.173405,18.987662,20.339594,20.844617,21.320392,20.626309,22.683359,21.269414,18.892003,17.814495,18.432036,18.204365,17.709296,16.900991,17.285237,13.776216,14.919319,16.382486,15.956332,15.737492,16.273383,14.949407,17.267765,18.857745,23.210847,25.539145,26.808109,27.151558,27.36949,24.773145,22.968491,22.089698,18.515497,18.876034,18.368781,16.750956,16.26127,16.620791,15.425306
domestic-together,2050,Electricity-consumption|Base,34.63729,5.631807001,5.468039811,5.592043545,5.664043166,5.683040338,5.506036349,5.299976636,3.818564997,6.295506172,6.8571929,7.023339229,7.138728411,8.247103717,8.253106313,8.762171805,5.518376234,4.582634843,5.879712247,6.590802289,6.795038342,6.540037179,6.157039817,5.845036342,7.101621695,4.814128183,4.895491556,3.8082584,3.629258401,3.306421405,4.558077459,4.640978155,5.283990149,5.858990687,5.865006308,6.975405648,7.842954654,7.804516674,7.94927469,6.33860194,6.133989165,5.989972133,5.752912414,5.688283599,4.806290498,4.665596465,4.886410461,4.362096441,4.759095851
domestic-together,2050,Electricity-consumption|Grid-losses,5.314532,0,0,0,0,0,0,0,0,0,0,0,0,0,0,0,0,0,0,0,0,0,0,0,0,0,0,0,0,0,0,0,0,0,0,0,0,0,0,0,0,0,0,0,0,0,0,0,0
domestic-together,2050,Electricity-consumption|Heat pumps,11.731906,2.009,1.891,1.938,1.962,2.096,2.418,3.336,3.625,3.468,3.491,3.381,3.247,3.157,3.095,3.045,3.06,3.099,3.207,3.294,3.296,3.267,3.169,2.903,2.52,0.157,0.162,0.157,0.163,0.251,0.396,0.432,0.443,0.379,0.377,0.357,0.342,0.338,0.308,0.306,0.28,0.294,0.316,0.324,0.342,0.359,0.341,0.287,0.204
domestic-together,2050,Electricity-consumption|Electric heaters,2.727664,0,0,0,0,0,0,0,0,0,0,0,0,0,0,0,0,0,0,0,0,0,0,0,0,0,0,0,0,0,0,0,0,0,0,0,0,0,0,0,0,0,0,0,0,0,0,0,0
domestic-together,2050,Electricity-consumption|Electrolysis,0,0,0,0,0,0,0,0,0,0,0,0,0,0,0,0,0,0,0,0,0,0,0,0,0,0,0,0,0,0,0,0,0,0,0,0,0,0,0,0,0,0,0,0,0,0,0,0,0
domestic-together,2050,Electricity-consumption|Battery-vehicles,13.145114,1.697901903,2.28855309,1.74759107,1.22413947,0.79902121,0.2538869,0,0,0.3970479,1.270169,1.881157,2.40505893,2.498530333,2.54553246,2.486591424,1.513417322,1.638410015,1.941421058,2.439900195,3.0964847,3.1649911,3.3918867,3.1646057,3.1801419,1.14466411,0.939482652,0.40938702,0.266382015,0.144368004,0.022326642,0.635456786,0.838892685,1.211894108,1.585956942,1.844979422,1.957979414,2.013979432,2.049979444,2.005949521,2.084894447,1.672298352,1.866815806,1.703291513,2.001403557,2.04240344,1.961404459,1.76040236,1.489406427
domestic-together,2050,Electricity-consumption|Trains,3.729288,0,0,0,0,0,0,0,0,0,0,0,0,0,0,0,0,0,0,0,0,0,0,0,0,0,0,0,0,0,0,0,0,0,0,0,0,0,0,0,0,0,0,0,0,0,0,0,0
domestic-together,2050,Electricity-consumption|New processes,1.762665,0.070997,0.0709982,0.0709983,0.0709983,0.0709983,0.0709982,0.0709978,0.0709929,0.0709953,0.0709984,0.0709989,0.0709991,0.0709992,0.0709992,0.0709992,0.0709932,0.0709929,0.0709932,0.070997,0.0709981,0.0709982,0.0709982,0.0709982,0.0709992,0.0709998,0.0709998,0.0709998,0.0709998,0.0709998,0.0709998,0.0709999,0.0709999,0.0709999,0.0709999,0.0709999,0.0709999,0.0709999,0.0709999,0.0709999,0.0709999,0.0709999,0.0709998,0.0709998,0.0709998,0.0709998,0.0709998,0.0709998,0.0709998
domestic-together,2050,Electricity-consumption|PHS-In,11.53713638,1.04E-05,1.07E-05,1.07E-05,1.07E-05,1.07E-05,0.000010757,1.07E-05,0.000010023,1.05E-05,1.28E-05,1.82E-05,0.617785,0.89997,0.899974,0.899986,9.97E-06,1.00E-05,1.00E-05,1.03E-05,1.07E-05,1.06E-05,1.05E-05,1.04E-05,1.32E-05,1.43E-05,1.42E-05,1.40E-05,1.40E-05,1.40E-05,1.36E-05,3.272694,4.724376,4.724386,4.748417,5.197404,5.197405,5.197406,5.19741,5.011374,4.95335,3.485751,0.0599842,1.50E-05,1.45E-05,1.45E-05,0.000014542,1.45E-05,1.45E-05
domestic-together,2050,Electricity-consumption|Battery-In,1.885558765,0.0047076,0.00471384,0.00433624,0.00487569,0.00496796,0.00403061,0,0,0,0.27459,0.62824,0.909696,0.882669,0.913056,0.838673,0.621891,0.130024,0,0,0,0,0,0.004127,0.00503689,0.00085417,0.00091732,0.00097766,0.00111436,0.0101198,0.329405,0,0.0229759,0.179829,0.216752,0.626862,0.857342,1.216006,1.228553,0.718346,0.348233,0.331943,0.104088,0,0,0,0,0,0.00158136
domestic-together,2050,Electricity-consumption|Exports,47.6097152,7.004203,4.949997,4.949997,4.949997,4.949997,4.949997,5.469386,9.049655,5.579668,5.931279,5.884582,6.016809,5.159062,5.613443,4.593634,10.253186,9.295111,6.703717,4.949995,4.949991,4.949994,4.949996,4.949996,4.450452,7.119305,8.380346,10.533453,10.600162,10.611316,10.642924,5.968206,5.954481,6.503596,10.417686,10.537478,10.610412,10.581633,10.636257,10.392842,9.167974,10.315647,10.415361,10.620975,9.967725,8.522899,8.230214,8.805735,8.361668
domestic-together,2050,Electricity-consumption|DSM Up,2.189940032,,,,,,,,,,,,,,,,,,,,,,,,,,,,,,,,,,,,,,,,,,,,,,,,
domestic-together,2050,Electricity-supply|Emob Shift Up,1.963013623,,,,,,,,,,,,,,,,,,,,,,,,,,,,,,,,,,,,,,,,,,,,,,,,
domestic-together,2050,Electricity-consumption|DAC,0.62053544,,,,,,,,,,,,,,,,,,,,,,,,,,,,,,,,,,,,,,,,,,,,,,,,
domestic-together,2050,Hydrogen-production|Total,4.166666667,,,,,,,,,,,,,,,,,,,,,,,,,,,,,,,,,,,,,,,,,,,,,,,,
domestic-together,2050,Hydrogen-production|Electrolysis,1.863719705,,,,,,,,,,,,,,,,,,,,,,,,,,,,,,,,,,,,,,,,,,,,,,,,
domestic-together,2050,Hydrogen-production|Steam-reforming,0,,,,,,,,,,,,,,,,,,,,,,,,,,,,,,,,,,,,,,,,,,,,,,,,
domestic-together,2050,Hydrogen-production|Gasification,0,,,,,,,,,,,,,,,,,,,,,,,,,,,,,,,,,,,,,,,,,,,,,,,,
domestic-together,2050,Hydrogen-production|Imports,2.433558806,,,,,,,,,,,,,,,,,,,,,,,,,,,,,,,,,,,,,,,,,,,,,,,,
domestic-alone,2050,Transport|Total,36.01671685,,,,,,,,,,,,,,,,,,,,,,,,,,,,,,,,,,,,,,,,,,,,,,,,
domestic-alone,2050,Transport|Hydrogen,4.297278511,,,,,,,,,,,,,,,,,,,,,,,,,,,,,,,,,,,,,,,,,,,,,,,,
domestic-alone,2050,Transport|Gas,2.397414591,,,,,,,,,,,,,,,,,,,,,,,,,,,,,,,,,,,,,,,,,,,,,,,,
domestic-alone,2050,Transport|Oil,12.44775762,,,,,,,,,,,,,,,,,,,,,,,,,,,,,,,,,,,,,,,,,,,,,,,,
domestic-alone,2050,Transport|Electricity,16.87426613,,,,,,,,,,,,,,,,,,,,,,,,,,,,,,,,,,,,,,,,,,,,,,,,
domestic-alone,2050,"Space heating, DHW|Total",55.67548418,,,,,,,,,,,,,,,,,,,,,,,,,,,,,,,,,,,,,,,,,,,,,,,,
domestic-alone,2050,"Space heating, DHW|Boiler-Gas",4.642361438,,,,,,,,,,,,,,,,,,,,,,,,,,,,,,,,,,,,,,,,,,,,,,,,
domestic-alone,2050,"Space heating, DHW|Boiler-Oil",0.780288356,,,,,,,,,,,,,,,,,,,,,,,,,,,,,,,,,,,,,,,,,,,,,,,,
domestic-alone,2050,"Space heating, DHW|Boiler-Wood",3.065277464,,,,,,,,,,,,,,,,,,,,,,,,,,,,,,,,,,,,,,,,,,,,,,,,
domestic-alone,2050,"Space heating, DHW|CHP-Gas",0.89629521,,,,,,,,,,,,,,,,,,,,,,,,,,,,,,,,,,,,,,,,,,,,,,,,
domestic-alone,2050,"Space heating, DHW|CHP-Hydrogen",0,,,,,,,,,,,,,,,,,,,,,,,,,,,,,,,,,,,,,,,,,,,,,,,,
domestic-alone,2050,"Space heating, DHW|CHP-Oil",0,,,,,,,,,,,,,,,,,,,,,,,,,,,,,,,,,,,,,,,,,,,,,,,,
domestic-alone,2050,"Space heating, DHW|CHP-Wood",0.584085309,,,,,,,,,,,,,,,,,,,,,,,,,,,,,,,,,,,,,,,,,,,,,,,,
domestic-alone,2050,"Space heating, DHW|CHP-Waste",1.708735538,,,,,,,,,,,,,,,,,,,,,,,,,,,,,,,,,,,,,,,,,,,,,,,,
domestic-alone,2050,"Space heating, DHW|Heat pumps",38.53204464,,,,,,,,,,,,,,,,,,,,,,,,,,,,,,,,,,,,,,,,,,,,,,,,
domestic-alone,2050,"Space heating, DHW|Electric heater",2.331049754,,,,,,,,,,,,,,,,,,,,,,,,,,,,,,,,,,,,,,,,,,,,,,,,
domestic-alone,2050,"Space heating, DHW|Solar thermal",1.62216594,,,,,,,,,,,,,,,,,,,,,,,,,,,,,,,,,,,,,,,,,,,,,,,,
domestic-alone,2050,"Space heating, DHW|Geothermal",1.622527182,,,,,,,,,,,,,,,,,,,,,,,,,,,,,,,,,,,,,,,,,,,,,,,,
domestic-alone,2050,Industrial heating|Total,,,,,,,,,,,,,,,,,,,,,,,,,,,,,,,,,,,,,,,,,,,,,,,,,
domestic-alone,2050,Industrial heating|Burner-Gas,,,,,,,,,,,,,,,,,,,,,,,,,,,,,,,,,,,,,,,,,,,,,,,,,
domestic-alone,2050,Industrial heating|Burner-Hydrogen,,,,,,,,,,,,,,,,,,,,,,,,,,,,,,,,,,,,,,,,,,,,,,,,,
domestic-alone,2050,Industrial heating|Burner-Oil,,,,,,,,,,,,,,,,,,,,,,,,,,,,,,,,,,,,,,,,,,,,,,,,,
domestic-alone,2050,Industrial heating|Burner-Wood,,,,,,,,,,,,,,,,,,,,,,,,,,,,,,,,,,,,,,,,,,,,,,,,,
domestic-alone,2050,Industrial heating|Burner-Waste,,,,,,,,,,,,,,,,,,,,,,,,,,,,,,,,,,,,,,,,,,,,,,,,,
domestic-alone,2050,Industrial heating|Burner-Coal,,,,,,,,,,,,,,,,,,,,,,,,,,,,,,,,,,,,,,,,,,,,,,,,,
domestic-alone,2050,Industrial heating|CHP-Gas,,,,,,,,,,,,,,,,,,,,,,,,,,,,,,,,,,,,,,,,,,,,,,,,,
domestic-alone,2050,Industrial heating|CHP-Hydrogen,,,,,,,,,,,,,,,,,,,,,,,,,,,,,,,,,,,,,,,,,,,,,,,,,
domestic-alone,2050,Industrial heating|CHP-Oil,,,,,,,,,,,,,,,,,,,,,,,,,,,,,,,,,,,,,,,,,,,,,,,,,
domestic-alone,2050,Industrial heating|CHP-Wood,,,,,,,,,,,,,,,,,,,,,,,,,,,,,,,,,,,,,,,,,,,,,,,,,
domestic-alone,2050,Industrial heating|CHP-Waste,,,,,,,,,,,,,,,,,,,,,,,,,,,,,,,,,,,,,,,,,,,,,,,,,
domestic-alone,2050,Industrial heating|Electric heater,,,,,,,,,,,,,,,,,,,,,,,,,,,,,,,,,,,,,,,,,,,,,,,,,
domestic-alone,2050,Industrial heating|Solar thermal,,,,,,,,,,,,,,,,,,,,,,,,,,,,,,,,,,,,,,,,,,,,,,,,,
domestic-alone,2050,Industrial heating|Geothermal,,,,,,,,,,,,,,,,,,,,,,,,,,,,,,,,,,,,,,,,,,,,,,,,,
domestic-alone,2050,Electricity-supply|Total,110.0985969,11.307332,10.805024,10.577801,10.484882,10.516224,10.812765,11.797992,12.838381,13.705731,15.346083,16.845844,17.523375,17.638777,17.509361,15.541372,14.608603,14.297013,14.875507,15.382128,15.15312,14.562944,13.697231,12.871973,11.979303,9.797143,9.171697,8.696154,8.414246,8.667398,8.91714,11.577623,14.173614,16.129979,16.507761,18.23175,18.444971,19.225258,19.206391,17.996341,16.912464,17.3055,15.753618,12.562615,11.55484,11.312912,11.202834,10.461635,9.690945
domestic-alone,2050,Electricity-supply|Gas,0,0,0,0,0,0,0,0,0,0,0,0,0,0,0,0,0,0,0,0,0,0,0,0,0,0,0,0,0,0,0,0,0,0,0,0,0,0,0,0,0,0,0,0,0,0,0,0,0
domestic-alone,2050,Electricity-supply|Biogas,0,0,0,0,0,0,0,0,0,0,0,0,0,0,0,0,0,0,0,0,0,0,0,0,0,0,0,0,0,0,0,0,0,0,0,0,0,0,0,0,0,0,0,0,0,0,0,0,0
domestic-alone,2050,Electricity-supply|Hydrogen,0,0,0,0,0,0,0,0,0,0,0,0,0,0,0,0,0,0,0,0,0,0,0,0,0,0,0,0,0,0,0,0,0,0,0,0,0,0,0,0,0,0,0,0,0,0,0,0,0
domestic-alone,2050,Electricity-supply|Oil,0,0,0,0,0,0,0,0,0,0,0,0,0,0,0,0,0,0,0,0,0,0,0,0,0,0,0,0,0,0,0,0,0,0,0,0,0,0,0,0,0,0,0,0,0,0,0,0,0
domestic-alone,2050,Electricity-supply|Wood,0,0,0,0,0,0,0,0,0,0,0,0,0,0,0,0,0,0,0,0,0,0,0,0,0,0,0,0,0,0,0,0,0,0,0,0,0,0,0,0,0,0,0,0,0,0,0,0,0
domestic-alone,2050,Electricity-supply|Waste,2.00162351,0.228499,0.228499,0.228499,0.228499,0.228499,0.228499,0.228499,0.228499,0.228499,0.228499,0.228499,0.228499,0.228499,0.228499,0.228499,0.228499,0.228499,0.228499,0.228499,0.228499,0.228499,0.228499,0.228499,0.228499,0.228498,0.228498,0.228498,0.228498,0.228498,0.228498,0.228497,0.228487,0.228477,0.228473,0.228471,0.22847,0.22847,0.228471,0.228473,0.228477,0.228489,0.228498,0.228498,0.228498,0.228498,0.228498,0.228498,0.228498
domestic-alone,2050,Electricity-supply|Nuclear,0,0,0,0,0,0,0,0,0,0,0,0,0,0,0,0,0,0,0,0,0,0,0,0,0,0,0,0,0,0,0,0,0,0,0,0,0,0,0,0,0,0,0,0,0,0,0,0,0
domestic-alone,2050,Electricity-supply|Hydro Dams,12.89718989,3.831549,3.412139,3.351882,3.283516,3.211401,3.471332,3.79561,4.283272,4.650017,4.057813,4.029575,3.715532,3.853842,3.148792,2.465054,3.353764,4.011147,4.626457,4.742216,4.729448,4.748436,3.781828,3.685176,2.954428,1.3512,1.057549,1.046982,1.067113,1.374777,0.897426,0.199451,0.118088,0.182431,0.115949,0.0505146,0.0511117,0.0507642,0.052425,0.0486954,0.0153733,0.42884,0.411195,0.681246,1.076072,1.07971,1.080182,1.129927,1.078298
domestic-alone,2050,Electricity-supply|Hydro RoR,13.9717186,1.834499,1.834499,1.834499,1.834499,1.834499,1.834499,1.834499,1.834499,1.834499,1.834499,1.834499,1.834499,1.834499,1.834499,1.834499,1.834499,1.834499,1.834499,1.834499,1.834499,1.834499,1.834499,1.834499,1.834499,2.762187,2.762163,2.762145,2.762145,2.762167,2.76214,0.268883,0.31174,2.78E-06,2.92E-06,2.84E-06,2.81E-06,2.80E-06,2.80E-06,2.85E-06,2.88E-06,3.11E-06,1.879609,2.559912,2.762103,2.762122,2.762112,2.76212,2.762106
domestic-alone,2050,Electricity-supply|Solar,36.12601912,0.010211255,0.010211255,0.009713396,0.009713396,0.010616856,0.009713396,0.009713208,0.021646958,0.615002958,1.991706959,3.975024963,5.798646966,5.715202966,6.381002967,5.930478966,3.933123962,1.966408962,0.274845958,0.010062657,0.010419558,0.010419658,0.010070357,0.010419756,0.010062756,0.009910149,0.010070459,0.01021126,0.01056836,0.11237596,1.740246966,5.812389987,10.84715899,13.613868,14.2547,15.886469,16.181935,16.852668,16.904581,15.274123,14.300534,14.007689,10.79980299,5.174515979,1.640773969,0.169179963,0.010069864,0.011259259,0.010917659
domestic-alone,2050,Electricity-supply|Wind,6.472674835,0.561067,0.517628,0.473203,0.442156,0.619796,0.596902,0.633684,0.614091,0.133214,0.532902,0.530968,0.534807,0.459835,0.566773,0.715291,0.505198,0.643232,0.989844,0.678059,0.588281,0.334251,0.275032,0.25021,0.205843,0.358104,0.73299,0.712419,0.391993,0.65656,0.912497,0.684763,0.665169,0.427148,0.421186,0.669219,0.598902,0.733552,0.641012,1.046433,0.949248,0.957132,0.35145,0.599753,0.572519,0.499471,0.948322,0.881458,0.797415
domestic-alone,2050,Electricity-supply|Geothermal,0,0,0,0,0,0,0,0,0,0,0,0,0,0,0,0,0,0,0,0,0,0,0,0,0,0,0,0,0,0,0,0,0,0,0,0,0,0,0,0,0,0,0,0,0,0,0,0,0
domestic-alone,2050,Electricity-supply|PHS-out,9.217853394,1.211054,1.212965,1.206698,1.206982,1.170818,1.211532,1.276106,1.781301,2.197866,3.034984,2.672767,1.991046,1.998019,1.964932,0.9615,1.214132,1.822639,2.458813,2.842272,2.85042,2.638749,2.172704,1.889378,1.722256,2.443958,1.858484,1.489397,1.734379,1.396319,0.296357,0.510274,0.0159811,0.00530631,0.00546551,0.00620353,0.00625809,0.00723714,0.00637416,0.00569396,0.00528487,0.00527411,0.0455101,0.075718,1.551929,1.641089,1.555536,1.558054,1.555122
domestic-alone,2050,Electricity-supply|Battery-out,1.693819768,0.030541,0.0317652,0.0386148,0.0310462,0.0298944,0.0382366,0.429093,0.385846,0.319832,0,0,0,0,0,0,0.00191003,0.0776913,0.624517,0.897276,0.727776,0.497795,0.292498,0.0416461,0.0331802,0.0495545,0.0369258,0.0399916,0.0368565,0.0113362,0,0.467445,0.102605,0.00032888,0,0.00000104,0,0,0,0.00061793,0.00070386,0.0123075,0.177219,0.86701,1.264698,0.966899,1.106373,0.164933,0.0598313
domestic-alone,2050,Electricity-supply|Imports,23.56757124,3.344998,3.344998,3.344998,3.344998,3.344998,3.344998,3.344998,3.344998,3.344998,3.345,3.345,3.345,3.345,3.345,3.345,3.344998,3.344998,3.344997,3.344997,3.344997,3.344997,3.344997,3.344997,3.344997,1.751084,1.794295,1.822996,1.821194,1.832037,1.846369,3.287543,1.86,1.672406,1.481974,1.390858,1.378281,1.352553,1.373515,1.392291,1.41283,1.665754,1.86,1.858726,1.841163,1.81927,1.828525,1.843472,1.793496
domestic-alone,2050,Electricity-supply|DSM Down,2.189944974,,,,,,,,,,,,,,,,,,,,,,,,,,,,,,,,,,,,,,,,,,,,,,,,
domestic-alone,2050,Electricity-supply|Emob Shift Down,1.960181308,,,,,,,,,,,,,,,,,,,,,,,,,,,,,,,,,,,,,,,,,,,,,,,,
domestic-alone,2050,Electricity-supply|Load Shedding,2.72E-07,,,,,,,,,,,,,,,,,,,,,,,,,,,,,,,,,,,,,,,,,,,,,,,,
domestic-alone,2050,Electricity-consumption|Total,109.5517569,11.790347,11.267031,10.939826,10.613896,10.491193,10.046767,10.709003,11.725381,12.757813,14.910315,16.687116,17.50175,17.787158,17.553687,15.47663,14.501722,13.882037,14.128516,14.709121,15.310121,15.081953,14.471213,13.586983,12.852335,9.844117,9.790708,9.11815,8.582268,8.411415,8.946204,10.681684,13.218702,15.680968,16.01576,17.823758,18.532975,19.054246,19.016385,18.072353,16.876469,17.222498,15.363647,12.345669,11.656817,11.438921,11.347838,11.143641,10.297952
domestic-alone,2050,Electricity-consumption|Base,34.63729,5.62083078,5.45693773,5.58416133,5.6557696,5.7232361,5.49468671,5.28723157,5.78905804,6.34921056,7.126798,7.542184,8.2037178,8.368417,8.274302837,6.9682264,6.63133347,6.50877606,6.39360334,6.29655865,6.46990475,6.12888628,4.907517,4.771197,4.698457,4.511993705,4.745906734,4.698095549,4.56406785,4.427269754,4.646782898,4.538159041,5.269829654,5.859102503,5.869253276,7.065329222,7.459317255,7.546186263,7.498714262,7.079460198,6.287621149,6.0938908,5.752931287,5.688454359,5.440325342,3.679667697,4.045130707,3.885493704,3.96301772
domestic-alone,2050,Electricity-consumption|Grid-losses,5.314532,0,0,0,0,0,0,0,0,0,0,0,0,0,0,0,0,0,0,0,0,0,0,0,0,0,0,0,0,0,0,0,0,0,0,0,0,0,0,0,0,0,0,0,0,0,0,0,0
domestic-alone,2050,Electricity-consumption|Heat pumps,11.731906,2.009,1.891,1.938,1.962,2.096,2.418,3.336,3.625,3.468,3.491,3.381,3.247,3.157,3.095,3.045,3.06,3.099,3.207,3.294,3.296,3.267,3.169,2.903,2.52,0.157,0.162,0.157,0.163,0.251,0.396,0.432,0.443,0.379,0.377,0.357,0.342,0.338,0.308,0.306,0.28,0.294,0.316,0.324,0.342,0.359,0.341,0.287,0.204
domestic-alone,2050,Electricity-consumption|Electric heaters,2.727664,0,0,0,0,0,0,0,0,0,0,0,0,0,0,0,0,0,0,0,0,0,0,0,0,0,0,0,0,0,0,0,0,0,0,0,0,0,0,0,0,0,0,0,0,0,0,0,0
domestic-alone,2050,Electricity-consumption|Electrolysis,0,0,0,0,0,0,0,0,0,0,0,0,0,0,0,0,0,0,0,0,0,0,0,0,0,0,0,0,0,0,0,0,0,0,0,0,0,0,0,0,0,0,0,0,0,0,0,0,0
domestic-alone,2050,Electricity-consumption|Battery-vehicles,13.145114,2.0704953,1.87168,1.4933425,1.0575296,0.7704664,0.2225969,0.009975,0.1370886,0.7287923,1.7904012,2.148496,2.3110917,2.3756581,2.4668373,2.4090116,2.137438,1.9325636,2.204873,2.4843088,2.8754305,2.9307642,3.041117,2.796964,2.44508,1.144403912,0.939417224,0.409437413,0.266479403,0.14444938,0.024665949,0.2434807,0.6659828,1.211985633,1.585986805,1.844986913,1.957986947,2.013986956,2.049986954,2.005986883,2.084986827,2.179985364,1.897996544,1.725361434,2.001635345,2.042704951,1.961699041,1.760638993,1.489767166
domestic-alone,2050,Electricity-consumption|Trains,3.729288,0,0,0,0,0,0,0,0,0,0,0,0,0,0,0,0,0,0,0,0,0,0,0,0,0,0,0,0,0,0,0,0,0,0,0,0,0,0,0,0,0,0,0,0,0,0,0,0
domestic-alone,2050,Electricity-consumption|New processes,1.762665,0.0709993,0.0709993,0.0709993,0.0709993,0.0709993,0.0709993,0.0709993,0.0709993,0.0709993,0.0709989,0.070999,0.070999,0.070999,0.070999,0.0709993,0.0709993,0.0709993,0.0709993,0.0709993,0.0709993,0.0709993,0.0709993,0.0709993,0.0709993,0.0709999,0.0709999,0.0709999,0.0709999,0.0709999,0.0709999,0.0709999,0.0709999,0.071,0.071,0.071,0.071,0.071,0.071,0.071,0.071,0.071,0.0709999,0.0709999,0.0709999,0.0709999,0.0709999,0.0709999,0.0709999
domestic-alone,2050,Electricity-consumption|PHS-In,11.85866875,5.78E-06,5.66E-06,5.59E-06,5.61E-06,5.58E-06,5.70E-06,5.78E-06,6.02E-06,6.05E-06,0.0845254,0.89975,0.899874,0.899683,0.899887,0.340839,5.51E-06,5.97E-06,6.23E-06,6.26E-06,6.22E-06,6.15E-06,6.05E-06,6.03E-06,5.93E-06,0.0600492,0.0600521,0.0600831,0.0600767,0.0600482,0.0600072,3.519667,3.542883,4.702128,4.635811,4.571116,4.571769,4.572401,4.573199,4.568789,4.535058,4.948514,4.350211,1.060003,0.0607927,0.0603813,0.0603617,0.0602394,0.0609148
domestic-alone,2050,Electricity-consumption|Battery-In,1.994386978,0.00510162,0.00508906,0.00462177,0.00511857,0.00578375,0.00442376,0,0,0,0.266911,0.656175,0.934722,0.95252,0.947796,0.907882,0.650467,0.143793,0,0,0,0,0,0.00461662,0.0054988,0.00006149,0.00081548,0.00080819,0.00072171,0.00979823,0.327609,0,0.0164252,0.213742,0.2327,0.670316,0.886893,1.268663,1.271475,0.797106,0.373793,0.391099,0.0890717,0,0,0,0,0,0.00126487
domestic-alone,2050,Electricity-consumption|Exports,18.50011585,1.83,1.83,1.83,1.83,1.83,1.83,1.83,1.83,1.83,1.83,1.83,1.829999,1.83,1.83,1.744622,1.829999,1.83,1.83,1.83,1.83,1.83,1.596471,1.524051,1.537754,3.127961,3.191795,3.209213,3.166423,3.225522,3.257534,1.83,3.256197,3.315,3.315,3.315,3.315,3.315,3.315,3.315,3.315,3.315,2.957103,3.030613,3.194979,3.150494,3.25643,3.268356,3.173726
domestic-alone,2050,Electricity-consumption|DSM Up,2.189944974,,,,,,,,,,,,,,,,,,,,,,,,,,,,,,,,,,,,,,,,,,,,,,,,
domestic-alone,2050,Electricity-supply|Emob Shift Up,1.960181308,,,,,,,,,,,,,,,,,,,,,,,,,,,,,,,,,,,,,,,,,,,,,,,,
domestic-alone,2050,Electricity-consumption|DAC,0.620537905,,,,,,,,,,,,,,,,,,,,,,,,,,,,,,,,,,,,,,,,,,,,,,,,
domestic-alone,2050,Hydrogen-production|Total,4.166666667,,,,,,,,,,,,,,,,,,,,,,,,,,,,,,,,,,,,,,,,,,,,,,,,
domestic-alone,2050,Hydrogen-production|Electrolysis,1.863719705,,,,,,,,,,,,,,,,,,,,,,,,,,,,,,,,,,,,,,,,,,,,,,,,
domestic-alone,2050,Hydrogen-production|Steam-reforming,0,,,,,,,,,,,,,,,,,,,,,,,,,,,,,,,,,,,,,,,,,,,,,,,,
domestic-alone,2050,Hydrogen-production|Gasification,0,,,,,,,,,,,,,,,,,,,,,,,,,,,,,,,,,,,,,,,,,,,,,,,,
domestic-alone,2050,Hydrogen-production|Imports,2.433558806,,,,,,,,,,,,,,,,,,,,,,,,,,,,,,,,,,,,,,,,,,,,,,,,